{
  "baseline": {
    "mean_metrics": {
      "mae": 39.13453231116421,
      "rmse": 51.753369284382416,
      "smape": 54.93666340246493,
      "r2": -0.6993252541655155
    },
    "split_metrics": [
      {
        "mae": 45.026045267489714,
        "rmse": 62.527603292306736,
        "smape": 42.71783666008148,
        "r2": -1.558816601381141,
        "split": 0
      },
      {
        "mae": 33.24301935483871,
        "rmse": 40.9791352764581,
        "smape": 67.15549014484839,
        "r2": 0.1601660930501101,
        "split": 1
      }
    ]
  },
  "improved": {
    "mean_metrics": {
      "mae": 19.692002865195768,
      "rmse": 26.27509758045636,
      "smape": 28.15894788636286,
      "r2": 0.5981432621803618
    },
    "split_metrics": [
      {
        "mae": 19.788670635488977,
        "rmse": 27.012107606496162,
        "smape": 14.02533886759367,
        "r2": 0.522456940703794,
        "split": 0
      },
      {
        "mae": 19.59533509490256,
        "rmse": 25.538087554416563,
        "smape": 42.29255690513205,
        "r2": 0.6738295836569297,
        "split": 1
      }
    ]
  }
}